experiment,dataset,job_group,model,feature,importance_mean,importance_std,positive_repeat_count,scoring,n_repeats,rank
baseline_42features,global,,xgboost,student_status,0.04392517788980856,0.007112543759387037,20,f1,20,1
baseline_42features,global,,xgboost,age,0.0193565680243823,0.005512535937785605,20,f1,20,2
baseline_42features,global,,xgboost,months_since_graduation,0.018553581463089153,0.0041751293754419576,20,f1,20,3
baseline_42features,global,,xgboost,gender,0.01138914717846696,0.0034911156032610977,20,f1,20,4
baseline_42features,global,,xgboost,major_group,0.011020064804025781,0.005259325446954067,19,f1,20,5
baseline_42features,global,,xgboost,recent_job_search,0.01064799080064512,0.0034252516943752524,20,f1,20,6
baseline_42features,global,,xgboost,university_type,0.008888736328537577,0.003741726333472065,20,f1,20,7
baseline_42features,global,,xgboost,ever_worked_before,0.003722050198121163,0.0014889895790198508,20,f1,20,8
baseline_42features,global,,xgboost,has_certificate,0.0032545349997241567,0.0016999562618809758,19,f1,20,9
baseline_42features,global,,xgboost,has_employment_certificate,0.0031154954796170586,0.0021620336509209875,17,f1,20,10
baseline_42features,global,,xgboost,recent_employment_prep,0.002533525157485045,0.0017737894559214616,19,f1,20,11
baseline_42features,global,,xgboost,education_level,0.0019979304801640506,0.0018692115386409196,18,f1,20,12
baseline_42features,global,,xgboost,region_5,0.0017721392204181619,0.004039884119008677,16,f1,20,13
baseline_42features,global,,xgboost,has_major_related_certificate,0.0016271455229353803,0.0013981981175596788,17,f1,20,14
baseline_42features,global,,xgboost,school_work_experience,0.001461646648667575,0.0020565071739643732,17,f1,20,15
baseline_42features,global,,xgboost,currently_preparing_exam,0.0010692464879685337,0.0006234041850700681,20,f1,20,16
baseline_42features,global,,xgboost,prep_effort_11,0.0009724785746896946,0.0003346596134763888,19,f1,20,17
baseline_42features,global,,xgboost,prep_effort_04,0.0009296388994254001,0.0008748228784314855,17,f1,20,18
baseline_42features,global,,xgboost,prep_effort_12,0.0007108820148225281,0.0006530559305357657,18,f1,20,19
baseline_42features,global,,xgboost,past_work_months,0.0002958525430363401,0.0009508565432717491,13,f1,20,20
baseline_42features,global,,xgboost,prep_effort_05,0.00028571466280918336,0.000769715150254987,14,f1,20,21
baseline_42features,global,,xgboost,prep_effort_02,0.0002441008184468463,0.0005265521573753888,12,f1,20,22
baseline_42features,global,,xgboost,prep_effort_07,0.00023330046422327942,0.00025315684196797097,15,f1,20,23
baseline_42features,global,,xgboost,nonemployment_type,0.0002261328405416263,0.0009834276555789792,12,f1,20,24
baseline_42features,global,,xgboost,prep_effort_08,0.00013133489192028723,0.00046855874896424516,12,f1,20,25
baseline_42features,global,,xgboost,prep_effort_03,0.00011020034041877014,0.0003121158659920511,10,f1,20,26
baseline_42features,global,,xgboost,vocational_training_hours,0.00010409475101985644,0.0007587784262926274,10,f1,20,27
baseline_42features,global,,xgboost,has_vocational_training,7.739855370041404e-05,0.00011822824367075059,6,f1,20,28
baseline_42features,global,,xgboost,prep_effort_01,6.95258919870434e-05,0.0007443855544250804,10,f1,20,29
baseline_42features,global,,xgboost,prep_effort_09,5.157300852898228e-05,0.00015478416214857876,4,f1,20,30
baseline_42features,global,,xgboost,prep_effort_06,0.0,0.0,0,f1,20,31
baseline_42features,global,,xgboost,prep_effort_10,0.0,0.0,0,f1,20,32
baseline_42features,global,,xgboost,vocational_training_count,0.0,0.0,0,f1,20,33
baseline_42features,global,,xgboost,exam_prep_count,0.0,0.0,0,f1,20,34
baseline_42features,global,,xgboost,past_job_count,0.0,0.0,0,f1,20,35
baseline_42features,global,,xgboost,certificate_count,-3.9090178627354534e-08,0.00014145254702448498,2,f1,20,36
baseline_42features,global,,xgboost,graduation_job_search_experience,-0.00010546740955721389,0.00044498069763568266,8,f1,20,37
baseline_42features,global,,xgboost,student_type,-0.00019666153255938347,0.000852245552763253,6,f1,20,38
baseline_42features,global,,xgboost,baseline_year,-0.00020301158776078187,0.0024614161642734942,8,f1,20,39
baseline_42features,global,,xgboost,exam_prep_experience,-0.00044853816496464585,0.0003667309923134786,1,f1,20,40
baseline_42features,global,,xgboost,prep_effort_other,-0.0006360549964400108,0.0007441192363305924,2,f1,20,41
baseline_42features,global,,xgboost,graduation_prep_experience,-0.0010105268214447294,0.0014517618427692203,6,f1,20,42
baseline_42features,local,경영·사무·금융,xgboost,age,0.030098768592052627,0.017215302735512666,18,f1,20,1
baseline_42features,local,경영·사무·금융,xgboost,student_status,0.02158284169354071,0.014129452537416863,19,f1,20,2
baseline_42features,local,경영·사무·금융,xgboost,graduation_prep_experience,0.021152546353342194,0.009031833406769418,19,f1,20,3
baseline_42features,local,경영·사무·금융,xgboost,prep_effort_04,0.010638240654035661,0.007378970829085538,18,f1,20,4
baseline_42features,local,경영·사무·금융,xgboost,student_type,0.009788743734753974,0.017573068850115173,14,f1,20,5
baseline_42features,local,경영·사무·금융,xgboost,exam_prep_experience,0.008997127133471458,0.01010145579013263,15,f1,20,6
baseline_42features,local,경영·사무·금융,xgboost,prep_effort_10,0.008971788587066615,0.009551745380259954,17,f1,20,7
baseline_42features,local,경영·사무·금융,xgboost,nonemployment_type,0.008757635253054123,0.0010593084988852924,20,f1,20,8
baseline_42features,local,경영·사무·금융,xgboost,major_group,0.005605190258229262,0.01372028199639796,14,f1,20,9
baseline_42features,local,경영·사무·금융,xgboost,recent_employment_prep,0.004522797414596086,0.007029500369047632,15,f1,20,10
baseline_42features,local,경영·사무·금융,xgboost,prep_effort_08,0.0043571093730914445,0.006687695505968111,14,f1,20,11
baseline_42features,local,경영·사무·금융,xgboost,recent_job_search,0.003780339044441819,0.017116326573620805,10,f1,20,12
baseline_42features,local,경영·사무·금융,xgboost,school_work_experience,0.0030202767423970654,0.005335479376273774,10,f1,20,13
baseline_42features,local,경영·사무·금융,xgboost,exam_prep_count,0.002406605549917201,0.002214710963965176,13,f1,20,14
baseline_42features,local,경영·사무·금융,xgboost,prep_effort_01,0.0018430433521945204,0.005676454643061114,7,f1,20,15
baseline_42features,local,경영·사무·금융,xgboost,education_level,0.0011775177304434309,0.009535440100684602,10,f1,20,16
baseline_42features,local,경영·사무·금융,xgboost,past_job_count,0.0008408839004326707,0.0012243983230901167,7,f1,20,17
baseline_42features,local,경영·사무·금융,xgboost,prep_effort_06,0.0008262434554973886,0.0032658949225268206,3,f1,20,18
baseline_42features,local,경영·사무·금융,xgboost,graduation_job_search_experience,0.00013855361249331122,0.003541492471930321,10,f1,20,19
baseline_42features,local,경영·사무·금융,xgboost,prep_effort_03,0.0,0.0,0,f1,20,20
baseline_42features,local,경영·사무·금융,xgboost,prep_effort_11,0.0,0.0,0,f1,20,21
baseline_42features,local,경영·사무·금융,xgboost,prep_effort_12,0.0,0.0,0,f1,20,22
baseline_42features,local,경영·사무·금융,xgboost,prep_effort_other,0.0,0.0,0,f1,20,23
baseline_42features,local,경영·사무·금융,xgboost,has_vocational_training,0.0,0.0,0,f1,20,24
baseline_42features,local,경영·사무·금융,xgboost,vocational_training_count,0.0,0.0,0,f1,20,25
baseline_42features,local,경영·사무·금융,xgboost,vocational_training_hours,0.0,0.0,0,f1,20,26
baseline_42features,local,경영·사무·금융,xgboost,past_work_months,0.0,0.0,0,f1,20,27
baseline_42features,local,경영·사무·금융,xgboost,prep_effort_09,-0.00010634816753926635,0.00046356091513439466,0,f1,20,28
baseline_42features,local,경영·사무·금융,xgboost,gender,-0.000164444593494259,0.0094542050686886,8,f1,20,29
baseline_42features,local,경영·사무·금융,xgboost,prep_effort_02,-0.0005100388601036232,0.002687665326339358,3,f1,20,30
baseline_42features,local,경영·사무·금융,xgboost,has_employment_certificate,-0.0010116826422621988,0.006548000965334733,8,f1,20,31
baseline_42features,local,경영·사무·금융,xgboost,certificate_count,-0.0010125661022381215,0.004165094652774248,7,f1,20,32
baseline_42features,local,경영·사무·금융,xgboost,prep_effort_05,-0.0011050684958233332,0.003721713983839575,6,f1,20,33
baseline_42features,local,경영·사무·금융,xgboost,has_certificate,-0.001469910818594894,0.00614237342704691,6,f1,20,34
baseline_42features,local,경영·사무·금융,xgboost,prep_effort_07,-0.0020644430051813406,0.003575720174304261,0,f1,20,35
baseline_42features,local,경영·사무·금융,xgboost,currently_preparing_exam,-0.0020922216864649457,0.01069314599036448,7,f1,20,36
baseline_42features,local,경영·사무·금융,xgboost,ever_worked_before,-0.0027204522691590266,0.00682650820283597,8,f1,20,37
baseline_42features,local,경영·사무·금융,xgboost,months_since_graduation,-0.0033236752577231687,0.02368537214734496,10,f1,20,38
baseline_42features,local,경영·사무·금융,xgboost,university_type,-0.00403091420258597,0.00975831253005456,8,f1,20,39
baseline_42features,local,경영·사무·금융,xgboost,baseline_year,-0.0059935104726483055,0.010440246357781941,6,f1,20,40
baseline_42features,local,경영·사무·금융,xgboost,has_major_related_certificate,-0.006113045529892327,0.005982449118944596,0,f1,20,41
baseline_42features,local,경영·사무·금융,xgboost,region_5,-0.007663609488229778,0.02419745767799529,9,f1,20,42
baseline_42features,local,교육·법률·사회·공공,xgboost,age,0.06306407248699383,0.028306119141591618,20,f1,20,1
baseline_42features,local,교육·법률·사회·공공,xgboost,months_since_graduation,0.058701330982159385,0.030092659862173573,19,f1,20,2
baseline_42features,local,교육·법률·사회·공공,xgboost,university_type,0.044230597437021416,0.016568201613958104,19,f1,20,3
baseline_42features,local,교육·법률·사회·공공,xgboost,region_5,0.042072569257505764,0.022488619537101802,19,f1,20,4
baseline_42features,local,교육·법률·사회·공공,xgboost,graduation_prep_experience,0.03785245077695503,0.01717400935361473,19,f1,20,5
baseline_42features,local,교육·법률·사회·공공,xgboost,recent_job_search,0.03395921846971025,0.011901141934580103,20,f1,20,6
baseline_42features,local,교육·법률·사회·공공,xgboost,student_type,0.030227130928083178,0.014159220905789359,19,f1,20,7
baseline_42features,local,교육·법률·사회·공공,xgboost,has_employment_certificate,0.027845355867673605,0.013017846775239338,19,f1,20,8
baseline_42features,local,교육·법률·사회·공공,xgboost,major_group,0.027066084502310284,0.026653297246908767,15,f1,20,9
baseline_42features,local,교육·법률·사회·공공,xgboost,education_level,0.017984916626003426,0.013180051898537453,19,f1,20,10
baseline_42features,local,교육·법률·사회·공공,xgboost,prep_effort_10,0.010332355082044409,0.004274283158178702,18,f1,20,11
baseline_42features,local,교육·법률·사회·공공,xgboost,prep_effort_02,0.009896427153383921,0.010569568751612433,16,f1,20,12
baseline_42features,local,교육·법률·사회·공공,xgboost,has_certificate,0.008465008274168578,0.006067620875358565,15,f1,20,13
baseline_42features,local,교육·법률·사회·공공,xgboost,gender,0.007759150923491012,0.017167503770588344,13,f1,20,14
baseline_42features,local,교육·법률·사회·공공,xgboost,recent_employment_prep,0.007372901675560173,0.01614403796989451,15,f1,20,15
baseline_42features,local,교육·법률·사회·공공,xgboost,prep_effort_04,0.006272273327315517,0.006748625368488875,18,f1,20,16
baseline_42features,local,교육·법률·사회·공공,xgboost,graduation_job_search_experience,0.005213704870193412,0.0064249618856152,16,f1,20,17
baseline_42features,local,교육·법률·사회·공공,xgboost,baseline_year,0.004652522204345097,0.01336510070675452,12,f1,20,18
baseline_42features,local,교육·법률·사회·공공,xgboost,currently_preparing_exam,0.004639584334240815,0.007685707662417453,10,f1,20,19
baseline_42features,local,교육·법률·사회·공공,xgboost,exam_prep_experience,0.0033945112819602384,0.007028335149437569,6,f1,20,20
baseline_42features,local,교육·법률·사회·공공,xgboost,prep_effort_09,0.0024341449425773877,0.005933218167372382,6,f1,20,21
baseline_42features,local,교육·법률·사회·공공,xgboost,prep_effort_05,0.0016593339201185747,0.005900303175693318,6,f1,20,22
baseline_42features,local,교육·법률·사회·공공,xgboost,prep_effort_06,0.0012549155678926616,0.001710161649544598,7,f1,20,23
baseline_42features,local,교육·법률·사회·공공,xgboost,school_work_experience,0.0012064072420686245,0.003917440871192308,8,f1,20,24
baseline_42features,local,교육·법률·사회·공공,xgboost,student_status,0.0010851244674994626,0.009075789636621336,8,f1,20,25
baseline_42features,local,교육·법률·사회·공공,xgboost,prep_effort_08,0.00045744274095287085,0.003628105507839534,6,f1,20,26
baseline_42features,local,교육·법률·사회·공공,xgboost,prep_effort_03,0.0004166818851431109,0.004965693244625712,10,f1,20,27
baseline_42features,local,교육·법률·사회·공공,xgboost,past_work_months,0.00040516735173223574,0.0027193023019703106,1,f1,20,28
baseline_42features,local,교육·법률·사회·공공,xgboost,ever_worked_before,0.0002808649327961127,0.003376935583480698,6,f1,20,29
baseline_42features,local,교육·법률·사회·공공,xgboost,nonemployment_type,0.0,0.0,0,f1,20,30
baseline_42features,local,교육·법률·사회·공공,xgboost,prep_effort_11,0.0,0.0,0,f1,20,31
baseline_42features,local,교육·법률·사회·공공,xgboost,prep_effort_12,0.0,0.0,0,f1,20,32
baseline_42features,local,교육·법률·사회·공공,xgboost,prep_effort_other,0.0,0.0,0,f1,20,33
baseline_42features,local,교육·법률·사회·공공,xgboost,has_vocational_training,0.0,0.0,0,f1,20,34
baseline_42features,local,교육·법률·사회·공공,xgboost,vocational_training_count,0.0,0.0,0,f1,20,35
baseline_42features,local,교육·법률·사회·공공,xgboost,vocational_training_hours,0.0,0.0,0,f1,20,36
baseline_42features,local,교육·법률·사회·공공,xgboost,past_job_count,0.0,0.0,0,f1,20,37
baseline_42features,local,교육·법률·사회·공공,xgboost,has_major_related_certificate,-5.815367524709958e-05,0.010657978132594129,9,f1,20,38
baseline_42features,local,교육·법률·사회·공공,xgboost,prep_effort_07,-0.0005543692948273172,0.0023658576444541644,3,f1,20,39
baseline_42features,local,교육·법률·사회·공공,xgboost,certificate_count,-0.0007298440142956081,0.006431568303440997,6,f1,20,40
baseline_42features,local,교육·법률·사회·공공,xgboost,exam_prep_count,-0.0020779741656974603,0.008068334235281343,8,f1,20,41
baseline_42features,local,교육·법률·사회·공공,xgboost,prep_effort_01,-0.0026674430430959047,0.00668292557176437,7,f1,20,42
baseline_42features,local,보건·의료,xgboost,major_group,0.05216201439594379,0.0163805460795814,20,f1,20,1
baseline_42features,local,보건·의료,xgboost,student_status,0.024455996109813312,0.012549315100408843,20,f1,20,2
baseline_42features,local,보건·의료,xgboost,currently_preparing_exam,0.014015921676472153,0.01015442355715785,18,f1,20,3
baseline_42features,local,보건·의료,xgboost,gender,0.013892950185240466,0.013275733143382741,16,f1,20,4
baseline_42features,local,보건·의료,xgboost,has_employment_certificate,0.007402174281235957,0.008045600481060252,14,f1,20,5
baseline_42features,local,보건·의료,xgboost,education_level,0.007379423964606812,0.013941878821092801,15,f1,20,6
baseline_42features,local,보건·의료,xgboost,age,0.005928826336977644,0.029021620497679493,11,f1,20,7
baseline_42features,local,보건·의료,xgboost,baseline_year,0.005697447785387205,0.01594617413016628,11,f1,20,8
baseline_42features,local,보건·의료,xgboost,certificate_count,0.0031090473292308407,0.0037718130582846737,9,f1,20,9
baseline_42features,local,보건·의료,xgboost,exam_prep_experience,0.0029720425622431434,0.010383097885103955,14,f1,20,10
baseline_42features,local,보건·의료,xgboost,prep_effort_10,0.002268557130942472,0.0027784037115806104,8,f1,20,11
baseline_42features,local,보건·의료,xgboost,past_job_count,0.000283569641367809,0.0012360514101783506,1,f1,20,12
baseline_42features,local,보건·의료,xgboost,nonemployment_type,0.00016404848151626016,0.011428605810055727,10,f1,20,13
baseline_42features,local,보건·의료,xgboost,has_certificate,0.00013750477380379268,0.011282610322207289,9,f1,20,14
baseline_42features,local,보건·의료,xgboost,prep_effort_05,6.74736454553182e-05,0.006825475747310042,7,f1,20,15
baseline_42features,local,보건·의료,xgboost,ever_worked_before,5.109362907530501e-05,0.0058822217005771475,6,f1,20,16
baseline_42features,local,보건·의료,xgboost,prep_effort_01,0.0,0.0,0,f1,20,17
baseline_42features,local,보건·의료,xgboost,prep_effort_02,0.0,0.0,0,f1,20,18
baseline_42features,local,보건·의료,xgboost,prep_effort_03,0.0,0.0,0,f1,20,19
baseline_42features,local,보건·의료,xgboost,prep_effort_04,0.0,0.0,0,f1,20,20
baseline_42features,local,보건·의료,xgboost,prep_effort_06,0.0,0.0,0,f1,20,21
baseline_42features,local,보건·의료,xgboost,prep_effort_09,0.0,0.0,0,f1,20,22
baseline_42features,local,보건·의료,xgboost,prep_effort_11,0.0,0.0,0,f1,20,23
baseline_42features,local,보건·의료,xgboost,prep_effort_12,0.0,0.0,0,f1,20,24
baseline_42features,local,보건·의료,xgboost,prep_effort_other,0.0,0.0,0,f1,20,25
baseline_42features,local,보건·의료,xgboost,graduation_prep_experience,0.0,0.0,0,f1,20,26
baseline_42features,local,보건·의료,xgboost,graduation_job_search_experience,0.0,0.0,0,f1,20,27
baseline_42features,local,보건·의료,xgboost,has_vocational_training,0.0,0.0,0,f1,20,28
baseline_42features,local,보건·의료,xgboost,vocational_training_count,0.0,0.0,0,f1,20,29
baseline_42features,local,보건·의료,xgboost,vocational_training_hours,0.0,0.0,0,f1,20,30
baseline_42features,local,보건·의료,xgboost,exam_prep_count,0.0,0.0,0,f1,20,31
baseline_42features,local,보건·의료,xgboost,school_work_experience,0.0,0.0,0,f1,20,32
baseline_42features,local,보건·의료,xgboost,past_work_months,0.0,0.0,0,f1,20,33
baseline_42features,local,보건·의료,xgboost,recent_employment_prep,-0.0002888209310227652,0.0012589412511075648,0,f1,20,34
baseline_42features,local,보건·의료,xgboost,recent_job_search,-0.001689781954859193,0.013046112584156251,10,f1,20,35
baseline_42features,local,보건·의료,xgboost,prep_effort_07,-0.002604786901280076,0.003419394861198752,0,f1,20,36
baseline_42features,local,보건·의료,xgboost,has_major_related_certificate,-0.0029023111197651772,0.010699562116228667,8,f1,20,37
baseline_42features,local,보건·의료,xgboost,student_type,-0.003177030241250417,0.0028737319794108897,0,f1,20,38
baseline_42features,local,보건·의료,xgboost,university_type,-0.0037600706253711367,0.003318500764779534,0,f1,20,39
baseline_42features,local,보건·의료,xgboost,months_since_graduation,-0.004679141392633141,0.016957770669132337,10,f1,20,40
baseline_42features,local,보건·의료,xgboost,prep_effort_08,-0.005992961669354813,0.0055512858153471956,2,f1,20,41
baseline_42features,local,보건·의료,xgboost,region_5,-0.01839975200817177,0.013253117638472936,1,f1,20,42
baseline_42features,local,서비스·영업·판매·운송,xgboost,university_type,0.08926165809113241,0.026247725805862227,20,f1,20,1
baseline_42features,local,서비스·영업·판매·운송,xgboost,student_status,0.07166799472570835,0.032886561489049365,20,f1,20,2
baseline_42features,local,서비스·영업·판매·운송,xgboost,region_5,0.03937528775815512,0.03335442926467004,17,f1,20,3
baseline_42features,local,서비스·영업·판매·운송,xgboost,months_since_graduation,0.02627909814258818,0.07597465210074082,12,f1,20,4
baseline_42features,local,서비스·영업·판매·운송,xgboost,prep_effort_10,0.023095737246680625,0.00996505694876883,17,f1,20,5
baseline_42features,local,서비스·영업·판매·운송,xgboost,prep_effort_01,0.019127120259195718,0.01155724701803393,15,f1,20,6
baseline_42features,local,서비스·영업·판매·운송,xgboost,age,0.015576264180592686,0.03620586158896789,14,f1,20,7
baseline_42features,local,서비스·영업·판매·운송,xgboost,recent_job_search,0.013447467359786996,0.017782469883000883,14,f1,20,8
baseline_42features,local,서비스·영업·판매·운송,xgboost,nonemployment_type,0.0131236897274633,0.017108379130847572,13,f1,20,9
baseline_42features,local,서비스·영업·판매·운송,xgboost,prep_effort_04,0.013112254621688574,0.009357721756366856,18,f1,20,10
baseline_42features,local,서비스·영업·판매·운송,xgboost,gender,0.007070177560109353,0.03283296138598533,11,f1,20,11
baseline_42features,local,서비스·영업·판매·운송,xgboost,exam_prep_experience,0.006638714185883993,0.01149859026687933,5,f1,20,12
baseline_42features,local,서비스·영업·판매·운송,xgboost,school_work_experience,0.0053109713487071945,0.010621942697414387,4,f1,20,13
baseline_42features,local,서비스·영업·판매·운송,xgboost,graduation_job_search_experience,0.003983228511530395,0.00948198044320853,3,f1,20,14
baseline_42features,local,서비스·영업·판매·운송,xgboost,currently_preparing_exam,0.0026554856743535972,0.007966457023060793,2,f1,20,15
baseline_42features,local,서비스·영업·판매·운송,xgboost,graduation_prep_experience,0.0014725875103233533,0.015397559524055264,4,f1,20,16
baseline_42features,local,서비스·영업·판매·운송,xgboost,has_major_related_certificate,0.001424305952607835,0.01300869946149312,3,f1,20,17
baseline_42features,local,서비스·영업·판매·운송,xgboost,prep_effort_02,0.0013277428371767986,0.005787496850263644,1,f1,20,18
baseline_42features,local,서비스·영업·판매·운송,xgboost,prep_effort_06,0.0013277428371767986,0.005787496850263644,1,f1,20,19
baseline_42features,local,서비스·영업·판매·운송,xgboost,prep_effort_05,0.0005387205387205385,0.002348228387092618,1,f1,20,20
baseline_42features,local,서비스·영업·판매·운송,xgboost,prep_effort_08,0.0005387205387205385,0.002348228387092618,1,f1,20,21
baseline_42features,local,서비스·영업·판매·운송,xgboost,has_certificate,9.656311543103646e-05,0.01166137058228311,2,f1,20,22
baseline_42features,local,서비스·영업·판매·운송,xgboost,student_type,0.0,0.0,0,f1,20,23
baseline_42features,local,서비스·영업·판매·운송,xgboost,prep_effort_07,0.0,0.0,0,f1,20,24
baseline_42features,local,서비스·영업·판매·운송,xgboost,prep_effort_09,0.0,0.0,0,f1,20,25
baseline_42features,local,서비스·영업·판매·운송,xgboost,prep_effort_11,0.0,0.0,0,f1,20,26
baseline_42features,local,서비스·영업·판매·운송,xgboost,prep_effort_12,0.0,0.0,0,f1,20,27
baseline_42features,local,서비스·영업·판매·운송,xgboost,prep_effort_other,0.0,0.0,0,f1,20,28
baseline_42features,local,서비스·영업·판매·운송,xgboost,certificate_count,0.0,0.0,0,f1,20,29
baseline_42features,local,서비스·영업·판매·운송,xgboost,has_vocational_training,0.0,0.0,0,f1,20,30
baseline_42features,local,서비스·영업·판매·운송,xgboost,vocational_training_count,0.0,0.0,0,f1,20,31
baseline_42features,local,서비스·영업·판매·운송,xgboost,vocational_training_hours,0.0,0.0,0,f1,20,32
baseline_42features,local,서비스·영업·판매·운송,xgboost,exam_prep_count,0.0,0.0,0,f1,20,33
baseline_42features,local,서비스·영업·판매·운송,xgboost,ever_worked_before,0.0,0.0,0,f1,20,34
baseline_42features,local,서비스·영업·판매·운송,xgboost,past_job_count,0.0,0.0,0,f1,20,35
baseline_42features,local,서비스·영업·판매·운송,xgboost,past_work_months,0.0,0.0,0,f1,20,36
baseline_42features,local,서비스·영업·판매·운송,xgboost,baseline_year,-0.0004522242258091502,0.016928097507183888,8,f1,20,37
baseline_42features,local,서비스·영업·판매·운송,xgboost,recent_employment_prep,-0.003415284924718892,0.007874362393904996,3,f1,20,38
baseline_42features,local,서비스·영업·판매·운송,xgboost,has_employment_certificate,-0.004973000444698566,0.01761324195789018,3,f1,20,39
baseline_42features,local,서비스·영업·판매·운송,xgboost,major_group,-0.012848176458133687,0.028784786213879338,5,f1,20,40
baseline_42features,local,서비스·영업·판매·운송,xgboost,education_level,-0.01940836940836942,0.011412084865669027,0,f1,20,41
baseline_42features,local,서비스·영업·판매·운송,xgboost,prep_effort_03,-0.021750841750841764,0.009137181154364595,0,f1,20,42
baseline_42features,local,연구·공학·산업기술,xgboost,student_status,0.06324470741729646,0.020153856644408826,20,f1,20,1
baseline_42features,local,연구·공학·산업기술,xgboost,age,0.060892837838816403,0.028764733691445374,19,f1,20,2
baseline_42features,local,연구·공학·산업기술,xgboost,months_since_graduation,0.04553383510500898,0.028073279890113993,19,f1,20,3
baseline_42features,local,연구·공학·산업기술,xgboost,region_5,0.0344029410527345,0.023199161276010027,18,f1,20,4
baseline_42features,local,연구·공학·산업기술,xgboost,recent_job_search,0.03283631918250179,0.012802496017315286,20,f1,20,5
baseline_42features,local,연구·공학·산업기술,xgboost,gender,0.025798633130627868,0.014370721723371038,19,f1,20,6
baseline_42features,local,연구·공학·산업기술,xgboost,baseline_year,0.02445973554029427,0.016231092460737846,18,f1,20,7
baseline_42features,local,연구·공학·산업기술,xgboost,nonemployment_type,0.016992057485174454,0.011371084608930403,18,f1,20,8
baseline_42features,local,연구·공학·산업기술,xgboost,university_type,0.01630767881802637,0.016691889974799007,16,f1,20,9
baseline_42features,local,연구·공학·산업기술,xgboost,education_level,0.015021619670098652,0.010664611902249205,16,f1,20,10
baseline_42features,local,연구·공학·산업기술,xgboost,recent_employment_prep,0.012253089621924751,0.00705487090891763,19,f1,20,11
baseline_42features,local,연구·공학·산업기술,xgboost,prep_effort_06,0.010730856033170621,0.005285427111120873,18,f1,20,12
baseline_42features,local,연구·공학·산업기술,xgboost,major_group,0.009720605885306622,0.020174554100535643,11,f1,20,13
baseline_42features,local,연구·공학·산업기술,xgboost,vocational_training_hours,0.009375672801005153,0.004164364151303392,18,f1,20,14
baseline_42features,local,연구·공학·산업기술,xgboost,prep_effort_05,0.009176159423632858,0.010895924494437072,16,f1,20,15
baseline_42features,local,연구·공학·산업기술,xgboost,prep_effort_08,0.008757675956542255,0.0029192253188474186,18,f1,20,16
baseline_42features,local,연구·공학·산업기술,xgboost,has_certificate,0.005941584002519274,0.0025377293346462246,18,f1,20,17
baseline_42features,local,연구·공학·산업기술,xgboost,student_type,0.00543604592109303,0.00805574390314593,16,f1,20,18
baseline_42features,local,연구·공학·산업기술,xgboost,currently_preparing_exam,0.005344329512627005,0.0044051669743025955,17,f1,20,19
baseline_42features,local,연구·공학·산업기술,xgboost,prep_effort_04,0.005219256809951178,0.0021293471850629565,19,f1,20,20
baseline_42features,local,연구·공학·산업기술,xgboost,prep_effort_02,0.0032809239312429515,0.007261330738901897,7,f1,20,21
baseline_42features,local,연구·공학·산업기술,xgboost,has_vocational_training,0.0012584632341363533,0.003084469092630429,3,f1,20,22
baseline_42features,local,연구·공학·산업기술,xgboost,vocational_training_count,0.0012564950401511565,0.003667353677552005,3,f1,20,23
baseline_42features,local,연구·공학·산업기술,xgboost,certificate_count,0.000977025949499183,0.009515620389109141,11,f1,20,24
baseline_42features,local,연구·공학·산업기술,xgboost,has_employment_certificate,0.0009444780623151904,0.006845610136892944,7,f1,20,25
baseline_42features,local,연구·공학·산업기술,xgboost,prep_effort_01,0.0004931571116873756,0.003719136098421543,2,f1,20,26
baseline_42features,local,연구·공학·산업기술,xgboost,prep_effort_03,0.00048653755314123637,0.002120768026380199,1,f1,20,27
baseline_42features,local,연구·공학·산업기술,xgboost,prep_effort_07,0.0,0.0,0,f1,20,28
baseline_42features,local,연구·공학·산업기술,xgboost,prep_effort_09,0.0,0.0,0,f1,20,29
baseline_42features,local,연구·공학·산업기술,xgboost,prep_effort_11,0.0,0.0,0,f1,20,30
baseline_42features,local,연구·공학·산업기술,xgboost,prep_effort_12,0.0,0.0,0,f1,20,31
baseline_42features,local,연구·공학·산업기술,xgboost,prep_effort_other,0.0,0.0,0,f1,20,32
baseline_42features,local,연구·공학·산업기술,xgboost,has_major_related_certificate,0.0,0.0,0,f1,20,33
baseline_42features,local,연구·공학·산업기술,xgboost,exam_prep_count,0.0,0.0,0,f1,20,34
baseline_42features,local,연구·공학·산업기술,xgboost,past_job_count,0.0,0.0,0,f1,20,35
baseline_42features,local,연구·공학·산업기술,xgboost,past_work_months,-0.000358773646444871,0.0033900794972744337,3,f1,20,36
baseline_42features,local,연구·공학·산업기술,xgboost,ever_worked_before,-0.0007594818749417532,0.003072275047095831,1,f1,20,37
baseline_42features,local,연구·공학·산업기술,xgboost,graduation_prep_experience,-0.0018561665113388914,0.005487036337055,4,f1,20,38
baseline_42features,local,연구·공학·산업기술,xgboost,exam_prep_experience,-0.0023032207687042616,0.007748320972138326,4,f1,20,39
baseline_42features,local,연구·공학·산업기술,xgboost,prep_effort_10,-0.008363619420370866,0.0036242659483363224,0,f1,20,40
baseline_42features,local,연구·공학·산업기술,xgboost,graduation_job_search_experience,-0.009598359891901942,0.0,0,f1,20,41
baseline_42features,local,연구·공학·산업기술,xgboost,school_work_experience,-0.01271327947196818,0.0147161169167832,3,f1,20,42
baseline_42features,local,예술·디자인·방송·스포츠,xgboost,major_group,0.05319729985841465,0.025953474047353545,20,f1,20,1
baseline_42features,local,예술·디자인·방송·스포츠,xgboost,graduation_prep_experience,0.027027926090162368,0.024675156949442074,16,f1,20,2
baseline_42features,local,예술·디자인·방송·스포츠,xgboost,prep_effort_01,0.018986036393098343,0.014127276864223175,18,f1,20,3
baseline_42features,local,예술·디자인·방송·스포츠,xgboost,prep_effort_03,0.01762806813439724,0.014362655557607068,16,f1,20,4
baseline_42features,local,예술·디자인·방송·스포츠,xgboost,prep_effort_08,0.01371648346203248,0.013651422133503939,14,f1,20,5
baseline_42features,local,예술·디자인·방송·스포츠,xgboost,baseline_year,0.007806739673828273,0.00964074530767022,13,f1,20,6
baseline_42features,local,예술·디자인·방송·스포츠,xgboost,student_status,0.007513835422654996,0.029911943957504676,11,f1,20,7
baseline_42features,local,예술·디자인·방송·스포츠,xgboost,prep_effort_11,0.006962025316455622,0.0,20,f1,20,8
baseline_42features,local,예술·디자인·방송·스포츠,xgboost,graduation_job_search_experience,0.006962025316455622,0.0,20,f1,20,9
baseline_42features,local,예술·디자인·방송·스포츠,xgboost,gender,0.005638906514314585,0.017929339989919958,9,f1,20,10
baseline_42features,local,예술·디자인·방송·스포츠,xgboost,recent_job_search,0.0021202832173296215,0.012586151715907889,7,f1,20,11
baseline_42features,local,예술·디자인·방송·스포츠,xgboost,has_employment_certificate,0.0016600250039068398,0.007951997773834065,8,f1,20,12
baseline_42features,local,예술·디자인·방송·스포츠,xgboost,university_type,0.0013927696158038349,0.022314792673242136,10,f1,20,13
baseline_42features,local,예술·디자인·방송·스포츠,xgboost,past_work_months,0.0003481012658227811,0.0015173382398400918,1,f1,20,14
baseline_42features,local,예술·디자인·방송·스포츠,xgboost,prep_effort_07,0.0001424050632911289,0.00484959965442547,3,f1,20,15
baseline_42features,local,예술·디자인·방송·스포츠,xgboost,school_work_experience,0.0001424050632911289,0.00484959965442547,3,f1,20,16
baseline_42features,local,예술·디자인·방송·스포츠,xgboost,prep_effort_02,0.0,0.0,0,f1,20,17
baseline_42features,local,예술·디자인·방송·스포츠,xgboost,prep_effort_06,0.0,0.0,0,f1,20,18
baseline_42features,local,예술·디자인·방송·스포츠,xgboost,prep_effort_12,0.0,0.0,0,f1,20,19
baseline_42features,local,예술·디자인·방송·스포츠,xgboost,prep_effort_other,0.0,0.0,0,f1,20,20
baseline_42features,local,예술·디자인·방송·스포츠,xgboost,has_major_related_certificate,0.0,0.0,0,f1,20,21
baseline_42features,local,예술·디자인·방송·스포츠,xgboost,vocational_training_count,0.0,0.0,0,f1,20,22
baseline_42features,local,예술·디자인·방송·스포츠,xgboost,exam_prep_experience,0.0,0.0,0,f1,20,23
baseline_42features,local,예술·디자인·방송·스포츠,xgboost,exam_prep_count,0.0,0.0,0,f1,20,24
baseline_42features,local,예술·디자인·방송·스포츠,xgboost,prep_effort_04,-0.0003570269393054215,0.0015562443485539622,0,f1,20,25
baseline_42features,local,예술·디자인·방송·스포츠,xgboost,currently_preparing_exam,-0.0003570269393054215,0.0015562443485539622,0,f1,20,26
baseline_42features,local,예술·디자인·방송·스포츠,xgboost,has_vocational_training,-0.0005537974683544333,0.004287799519987136,1,f1,20,27
baseline_42features,local,예술·디자인·방송·스포츠,xgboost,vocational_training_hours,-0.0005537974683544333,0.004287799519987136,1,f1,20,28
baseline_42features,local,예술·디자인·방송·스포츠,xgboost,past_job_count,-0.0005537974683544333,0.004287799519987136,1,f1,20,29
baseline_42features,local,예술·디자인·방송·스포츠,xgboost,ever_worked_before,-0.0028344748988980983,0.013496106022992163,9,f1,20,30
baseline_42features,local,예술·디자인·방송·스포츠,xgboost,prep_effort_10,-0.0050632911392405056,0.008625377201600662,1,f1,20,31
baseline_42features,local,예술·디자인·방송·스포츠,xgboost,certificate_count,-0.005724917955930631,0.008210418350301129,5,f1,20,32
baseline_42features,local,예술·디자인·방송·스포츠,xgboost,recent_employment_prep,-0.007476829312272365,0.009586941871834323,4,f1,20,33
baseline_42features,local,예술·디자인·방송·스포츠,xgboost,prep_effort_09,-0.008438818565400862,0.0076201392227610255,0,f1,20,34
baseline_42features,local,예술·디자인·방송·스포츠,xgboost,has_certificate,-0.009318838881075176,0.007280206063022718,3,f1,20,35
baseline_42features,local,예술·디자인·방송·스포츠,xgboost,student_type,-0.011724683544303787,0.00860356558239966,0,f1,20,36
baseline_42features,local,예술·디자인·방송·스포츠,xgboost,nonemployment_type,-0.011854888547926523,0.014232628713118381,2,f1,20,37
baseline_42features,local,예술·디자인·방송·스포츠,xgboost,prep_effort_05,-0.013489737072375763,0.015167259741076309,4,f1,20,38
baseline_42features,local,예술·디자인·방송·스포츠,xgboost,age,-0.013720532006391773,0.022349507408046143,7,f1,20,39
baseline_42features,local,예술·디자인·방송·스포츠,xgboost,education_level,-0.020349093360571214,0.03004786896564989,4,f1,20,40
baseline_42features,local,예술·디자인·방송·스포츠,xgboost,months_since_graduation,-0.027288552106965874,0.03921340502958798,6,f1,20,41
baseline_42features,local,예술·디자인·방송·스포츠,xgboost,region_5,-0.0404238926577848,0.03816661750492354,3,f1,20,42
