mean_fit_time,std_fit_time,mean_score_time,std_score_time,param_reg_alpha,param_reg_lambda,params,split0_test_score,split1_test_score,split2_test_score,split3_test_score,split4_test_score,mean_test_score,std_test_score,rank_test_score
7.936004114151001,0.6699589518987428,0.026088237762451172,0.0021838056753929183,0.0,1,"{'model__reg_alpha': 0, 'model__reg_lambda': 1}",0.625,0.48148148148148145,0.5263157894736842,0.6129032258064516,0.5396825396825397,0.5570766072888313,0.05420996801121639,1
7.800103712081909,0.44347942619167674,0.030775070190429688,0.008563334398633627,0.0,3,"{'model__reg_alpha': 0, 'model__reg_lambda': 3}",0.5714285714285714,0.509090909090909,0.49122807017543857,0.5901639344262295,0.4745762711864407,0.5272975512615179,0.04541310764724118,6
7.29962739944458,0.3597068128381015,0.03251357078552246,0.008587855927861585,0.0,10,"{'model__reg_alpha': 0, 'model__reg_lambda': 10}",0.5757575757575758,0.46153846153846156,0.5172413793103449,0.5714285714285714,0.4666666666666667,0.518526530940324,0.049015825138500196,8
6.669173002243042,0.42859094007478193,0.022544336318969727,0.002093421586833486,0.01,1,"{'model__reg_alpha': 0.01, 'model__reg_lambda': 1}",0.59375,0.48148148148148145,0.4827586206896552,0.5666666666666667,0.5161290322580645,0.5281571602191735,0.045099279277232306,5
7.069043111801148,0.15633218988220218,0.034656953811645505,0.00624311137068723,0.01,3,"{'model__reg_alpha': 0.01, 'model__reg_lambda': 3}",0.5714285714285714,0.509090909090909,0.5172413793103449,0.5901639344262295,0.5161290322580645,0.5408107653028238,0.03329876434565441,2
7.724351596832276,0.322365996359402,0.032091617584228516,0.005933972722883208,0.01,10,"{'model__reg_alpha': 0.01, 'model__reg_lambda': 10}",0.5846153846153846,0.4528301886792453,0.5172413793103449,0.5846153846153846,0.4666666666666667,0.5211938007774053,0.05604820789628716,7
7.0214502811431885,1.2033745287559798,0.02657485008239746,0.004660107225056074,0.1,1,"{'model__reg_alpha': 0.1, 'model__reg_lambda': 1}",0.5714285714285714,0.48148148148148145,0.4827586206896552,0.5901639344262295,0.5245901639344263,0.5300845543920728,0.044611771257509765,4
5.890525531768799,0.21254057786198452,0.018235063552856444,0.0032716689287379808,0.1,3,"{'model__reg_alpha': 0.1, 'model__reg_lambda': 3}",0.6031746031746031,0.5185185185185185,0.5,0.5806451612903226,0.4745762711864407,0.535382910833977,0.04874051784554462,3
5.060931205749512,0.1612923945173982,0.021750688552856445,0.007704274253145663,0.1,10,"{'model__reg_alpha': 0.1, 'model__reg_lambda': 10}",0.5757575757575758,0.4528301886792453,0.5172413793103449,0.5538461538461539,0.4666666666666667,0.5132683928519974,0.04773203263215121,9
